{
  "n_clusters": 4,
  "ARI": 0.9192257470370555,
  "NMI": 0.906373309885707,
  "clusters": {
    "MergedGroup_1": {
      "size": 2363,
      "originals": [
        "C1.2",
        "C0.2.3.2",
        "C0.2.1.2.2",
        "C1.1.2.1.2",
        "C1.1.2.2.2",
        "C0.2.1.2.1.1",
        "C0.2.1.2.1.2",
        "C1.1.2.1.1.1",
        "C1.1.2.1.1.2"
      ]
    },
    "MergedGroup_2": {
      "size": 2398,
      "originals": [
        "C1.3",
        "C0.2.2",
        "C0.1.2.1.1",
        "C1.1.2.2.1"
      ]
    },
    "MergedGroup_3": {
      "size": 2783,
      "originals": [
        "C0.1.1",
        "C0.2.3.3",
        "C0.1.2.1.2"
      ]
    },
    "MergedGroup_4": {
      "size": 2456,
      "originals": [
        "C1.1.1",
        "C0.1.2.2",
        "C0.2.1.1",
        "C0.2.3.1"
      ]
    }
  },
  "timestamp": "2025-12-28T23:51:33.380008"
}