{
  "n_clusters": 4,
  "ARI": 0.7711393984558029,
  "NMI": 0.8171987351759707,
  "clusters": {
    "MergedGroup_1": {
      "size": 2154,
      "originals": [
        "C1.1",
        "C0.2.3"
      ]
    },
    "MergedGroup_3": {
      "size": 1874,
      "originals": [
        "C1.2",
        "C0.3.1"
      ]
    },
    "MergedGroup_2": {
      "size": 3126,
      "originals": [
        "C0.1.2",
        "C0.2.2",
        "C0.1.1.1"
      ]
    },
    "MergedGroup_4": {
      "size": 2846,
      "originals": [
        "C0.1.3",
        "C0.2.1",
        "C0.3.2",
        "C0.1.1.2"
      ]
    }
  },
  "timestamp": "2025-12-29T00:55:05.127323"
}